train,label
aug_01_disp_lobe1_01046.jpeg,aug_01_mask_lobe1_01046.gif
aug_01_disp_lobe1_01066.jpeg,aug_01_mask_lobe1_01066.gif
aug_01_disp_lobe1_01104.jpeg,aug_01_mask_lobe1_01104.gif
aug_01_disp_lobe1_01213.jpeg,aug_01_mask_lobe1_01213.gif
aug_01_disp_lobe1_01223.jpeg,aug_01_mask_lobe1_01223.gif
aug_01_disp_lobe1_01279.jpeg,aug_01_mask_lobe1_01279.gif
aug_01_disp_lobe1_01459.jpeg,aug_01_mask_lobe1_01459.gif
aug_01_disp_lobe1_01588.jpeg,aug_01_mask_lobe1_01588.gif
aug_01_disp_lobe1_01589.jpeg,aug_01_mask_lobe1_01589.gif
aug_01_disp_lobe1_01656.jpeg,aug_01_mask_lobe1_01656.gif
aug_01_disp_lobe1_01864.jpeg,aug_01_mask_lobe1_01864.gif
aug_01_disp_lobe1_01939.jpeg,aug_01_mask_lobe1_01939.gif
aug_01_disp_lobe1_02101.jpeg,aug_01_mask_lobe1_02101.gif
aug_01_disp_lobe1_02123.jpeg,aug_01_mask_lobe1_02123.gif
aug_01_disp_lobe1_02130.jpeg,aug_01_mask_lobe1_02130.gif
aug_01_disp_lobe1_02179.jpeg,aug_01_mask_lobe1_02179.gif
aug_01_disp_lobe1_02225.jpeg,aug_01_mask_lobe1_02225.gif
aug_01_disp_lobe1_02264.jpeg,aug_01_mask_lobe1_02264.gif
aug_01_disp_lobe1_02503.jpeg,aug_01_mask_lobe1_02503.gif
aug_01_disp_lobe1_02690.jpeg,aug_01_mask_lobe1_02690.gif
aug_01_disp_lobe1_02750.jpeg,aug_01_mask_lobe1_02750.gif
aug_01_disp_lobe1_02767.jpeg,aug_01_mask_lobe1_02767.gif
aug_01_disp_lobe1_02799.jpeg,aug_01_mask_lobe1_02799.gif
aug_01_disp_lobe1_02824.jpeg,aug_01_mask_lobe1_02824.gif
aug_01_disp_lobe1_02851.jpeg,aug_01_mask_lobe1_02851.gif
aug_01_disp_lobe1_02920.jpeg,aug_01_mask_lobe1_02920.gif
aug_01_disp_lobe1_03038.jpeg,aug_01_mask_lobe1_03038.gif
aug_01_disp_lobe1_03329.jpeg,aug_01_mask_lobe1_03329.gif
aug_01_disp_lobe1_03355.jpeg,aug_01_mask_lobe1_03355.gif
aug_01_disp_lobe1_03380.jpeg,aug_01_mask_lobe1_03380.gif
aug_01_disp_lobe1_03414.jpeg,aug_01_mask_lobe1_03414.gif
aug_01_disp_lobe1_03433.jpeg,aug_01_mask_lobe1_03433.gif
aug_01_disp_lobe1_03436.jpeg,aug_01_mask_lobe1_03436.gif
aug_01_disp_lobe1_03453.jpeg,aug_01_mask_lobe1_03453.gif
aug_01_disp_lobe1_03456.jpeg,aug_01_mask_lobe1_03456.gif
aug_01_disp_lobe1_03462.jpeg,aug_01_mask_lobe1_03462.gif
aug_01_disp_lobe1_03464.jpeg,aug_01_mask_lobe1_03464.gif
aug_01_disp_lobe1_03500.jpeg,aug_01_mask_lobe1_03500.gif
aug_01_disp_lobe1_03522.jpeg,aug_01_mask_lobe1_03522.gif
aug_01_disp_lobe1_03626.jpeg,aug_01_mask_lobe1_03626.gif
aug_01_disp_lobe1_03668.jpeg,aug_01_mask_lobe1_03668.gif
aug_01_disp_lobe1_03682.jpeg,aug_01_mask_lobe1_03682.gif
aug_01_disp_lobe1_03690.jpeg,aug_01_mask_lobe1_03690.gif
aug_01_disp_lobe1_03721.jpeg,aug_01_mask_lobe1_03721.gif
aug_01_disp_lobe1_03755.jpeg,aug_01_mask_lobe1_03755.gif
aug_01_disp_lobe1_03850.jpeg,aug_01_mask_lobe1_03850.gif
aug_01_disp_lobe1_03978.jpeg,aug_01_mask_lobe1_03978.gif
aug_01_disp_lobe1_04046.jpeg,aug_01_mask_lobe1_04046.gif
aug_01_disp_lobe1_04237.jpeg,aug_01_mask_lobe1_04237.gif
aug_01_disp_lobe1_04244.jpeg,aug_01_mask_lobe1_04244.gif
aug_01_disp_lobe1_04282.jpeg,aug_01_mask_lobe1_04282.gif
aug_01_disp_lobe1_04301.jpeg,aug_01_mask_lobe1_04301.gif
aug_01_disp_lobe1_04308.jpeg,aug_01_mask_lobe1_04308.gif
aug_01_disp_lobe1_04416.jpeg,aug_01_mask_lobe1_04416.gif
aug_01_disp_lobe1_04434.jpeg,aug_01_mask_lobe1_04434.gif
aug_01_disp_lobe1_04563.jpeg,aug_01_mask_lobe1_04563.gif
aug_01_disp_lobe1_04573.jpeg,aug_01_mask_lobe1_04573.gif
aug_01_disp_lobe1_04717.jpeg,aug_01_mask_lobe1_04717.gif
aug_01_disp_lobe1_04776.jpeg,aug_01_mask_lobe1_04776.gif
aug_01_disp_lobe1_04777.jpeg,aug_01_mask_lobe1_04777.gif
aug_01_disp_lobe1_04778.jpeg,aug_01_mask_lobe1_04778.gif
aug_01_disp_lobe1_04854.jpeg,aug_01_mask_lobe1_04854.gif
aug_01_disp_lobe1_04857.jpeg,aug_01_mask_lobe1_04857.gif
aug_01_disp_lobe1_04881.jpeg,aug_01_mask_lobe1_04881.gif
aug_01_disp_lobe1_04903.jpeg,aug_01_mask_lobe1_04903.gif
aug_01_disp_lobe1_04920.jpeg,aug_01_mask_lobe1_04920.gif
aug_01_disp_lobe1_04922.jpeg,aug_01_mask_lobe1_04922.gif
aug_01_disp_lobe1_04928.jpeg,aug_01_mask_lobe1_04928.gif
aug_01_disp_lobe1_04945.jpeg,aug_01_mask_lobe1_04945.gif
aug_01_disp_lobe1_05028.jpeg,aug_01_mask_lobe1_05028.gif
aug_01_disp_lobe1_05328.jpeg,aug_01_mask_lobe1_05328.gif
aug_01_disp_lobe1_05375.jpeg,aug_01_mask_lobe1_05375.gif
aug_01_disp_lobe1_05588.jpeg,aug_01_mask_lobe1_05588.gif
aug_01_disp_lobe1_05628.jpeg,aug_01_mask_lobe1_05628.gif
aug_01_disp_lobe1_05762.jpeg,aug_01_mask_lobe1_05762.gif
aug_01_disp_lobe1_05802.jpeg,aug_01_mask_lobe1_05802.gif
aug_01_disp_lobe1_06020.jpeg,aug_01_mask_lobe1_06020.gif
aug_01_disp_lobe1_06042.jpeg,aug_01_mask_lobe1_06042.gif
aug_01_disp_lobe1_06134.jpeg,aug_01_mask_lobe1_06134.gif
aug_01_disp_lobe1_06187.jpeg,aug_01_mask_lobe1_06187.gif
aug_01_disp_lobe1_06239.jpeg,aug_01_mask_lobe1_06239.gif
aug_01_disp_lobe1_06240.jpeg,aug_01_mask_lobe1_06240.gif
aug_01_disp_lobe1_06263.jpeg,aug_01_mask_lobe1_06263.gif
aug_01_disp_lobe1_06277.jpeg,aug_01_mask_lobe1_06277.gif
aug_01_disp_lobe1_06300.jpeg,aug_01_mask_lobe1_06300.gif
aug_01_disp_lobe1_06307.jpeg,aug_01_mask_lobe1_06307.gif
aug_01_disp_lobe1_06320.jpeg,aug_01_mask_lobe1_06320.gif
aug_01_disp_lobe1_06413.jpeg,aug_01_mask_lobe1_06413.gif
aug_01_disp_lobe1_06452.jpeg,aug_01_mask_lobe1_06452.gif
aug_01_disp_lobe1_06490.jpeg,aug_01_mask_lobe1_06490.gif
aug_01_disp_lobe1_06523.jpeg,aug_01_mask_lobe1_06523.gif
aug_01_disp_lobe1_06524.jpeg,aug_01_mask_lobe1_06524.gif
aug_01_disp_lobe1_06580.jpeg,aug_01_mask_lobe1_06580.gif
aug_01_disp_lobe1_06617.jpeg,aug_01_mask_lobe1_06617.gif
aug_01_disp_lobe1_06630.jpeg,aug_01_mask_lobe1_06630.gif
aug_01_disp_lobe1_06688.jpeg,aug_01_mask_lobe1_06688.gif
aug_01_disp_lobe1_06694.jpeg,aug_01_mask_lobe1_06694.gif
aug_01_disp_lobe1_07101.jpeg,aug_01_mask_lobe1_07101.gif
aug_01_disp_lobe1_07245.jpeg,aug_01_mask_lobe1_07245.gif
aug_01_disp_lobe1_07290.jpeg,aug_01_mask_lobe1_07290.gif
aug_01_disp_lobe1_07368.jpeg,aug_01_mask_lobe1_07368.gif
aug_01_disp_lobe1_07395.jpeg,aug_01_mask_lobe1_07395.gif
aug_01_disp_lobe1_07396.jpeg,aug_01_mask_lobe1_07396.gif
aug_01_disp_lobe1_07410.jpeg,aug_01_mask_lobe1_07410.gif
aug_01_disp_lobe1_07543.jpeg,aug_01_mask_lobe1_07543.gif
aug_01_disp_lobe1_07710.jpeg,aug_01_mask_lobe1_07710.gif
aug_01_disp_lobe1_07768.jpeg,aug_01_mask_lobe1_07768.gif
aug_01_disp_lobe1_07826.jpeg,aug_01_mask_lobe1_07826.gif
aug_01_disp_lobe1_07897.jpeg,aug_01_mask_lobe1_07897.gif
aug_01_disp_lobe1_08199.jpeg,aug_01_mask_lobe1_08199.gif
aug_01_disp_lobe1_08206.jpeg,aug_01_mask_lobe1_08206.gif
aug_01_disp_lobe1_08556.jpeg,aug_01_mask_lobe1_08556.gif
aug_01_disp_lobe1_08588.jpeg,aug_01_mask_lobe1_08588.gif
aug_01_disp_lobe1_08601.jpeg,aug_01_mask_lobe1_08601.gif
aug_01_disp_lobe1_08649.jpeg,aug_01_mask_lobe1_08649.gif
aug_01_disp_lobe1_08653.jpeg,aug_01_mask_lobe1_08653.gif
aug_01_disp_lobe1_08661.jpeg,aug_01_mask_lobe1_08661.gif
aug_01_disp_lobe1_08792.jpeg,aug_01_mask_lobe1_08792.gif
aug_01_disp_lobe1_08824.jpeg,aug_01_mask_lobe1_08824.gif
aug_01_disp_lobe1_08837.jpeg,aug_01_mask_lobe1_08837.gif
aug_01_disp_lobe1_08853.jpeg,aug_01_mask_lobe1_08853.gif
aug_01_disp_lobe1_08877.jpeg,aug_01_mask_lobe1_08877.gif
aug_01_disp_lobe1_08878.jpeg,aug_01_mask_lobe1_08878.gif
aug_01_disp_lobe1_08880.jpeg,aug_01_mask_lobe1_08880.gif
aug_01_disp_lobe1_08926.jpeg,aug_01_mask_lobe1_08926.gif
aug_01_disp_lobe2_00046.jpeg,aug_01_mask_lobe2_00046.gif
aug_01_disp_lobe2_00152.jpeg,aug_01_mask_lobe2_00152.gif
aug_01_disp_lobe2_00297.jpeg,aug_01_mask_lobe2_00297.gif
aug_01_disp_lobe2_00344.jpeg,aug_01_mask_lobe2_00344.gif
aug_01_disp_lobe2_00357.jpeg,aug_01_mask_lobe2_00357.gif
aug_01_disp_lobe2_00368.jpeg,aug_01_mask_lobe2_00368.gif
aug_01_disp_lobe2_00423.jpeg,aug_01_mask_lobe2_00423.gif
aug_01_disp_lobe2_00490.jpeg,aug_01_mask_lobe2_00490.gif
aug_01_disp_lobe2_00535.jpeg,aug_01_mask_lobe2_00535.gif
aug_01_disp_lobe2_00588.jpeg,aug_01_mask_lobe2_00588.gif
aug_01_disp_lobe2_00749.jpeg,aug_01_mask_lobe2_00749.gif
aug_01_disp_lobe2_00773.jpeg,aug_01_mask_lobe2_00773.gif
aug_01_disp_lobe2_00796.jpeg,aug_01_mask_lobe2_00796.gif
aug_01_disp_lobe2_00835.jpeg,aug_01_mask_lobe2_00835.gif
aug_01_disp_lobe2_00969.jpeg,aug_01_mask_lobe2_00969.gif
aug_01_disp_lobe2_01039.jpeg,aug_01_mask_lobe2_01039.gif
aug_01_disp_lobe2_01054.jpeg,aug_01_mask_lobe2_01054.gif
aug_01_disp_lobe2_01086.jpeg,aug_01_mask_lobe2_01086.gif
aug_01_disp_lobe2_01147.jpeg,aug_01_mask_lobe2_01147.gif
aug_01_disp_lobe2_01184.jpeg,aug_01_mask_lobe2_01184.gif
aug_01_disp_lobe2_01216.jpeg,aug_01_mask_lobe2_01216.gif
aug_01_disp_lobe2_01377.jpeg,aug_01_mask_lobe2_01377.gif
aug_01_disp_lobe2_01430.jpeg,aug_01_mask_lobe2_01430.gif
aug_01_disp_lobe2_01483.jpeg,aug_01_mask_lobe2_01483.gif
aug_01_disp_lobe2_01606.jpeg,aug_01_mask_lobe2_01606.gif
aug_01_disp_lobe2_01618.jpeg,aug_01_mask_lobe2_01618.gif
aug_01_disp_lobe2_01630.jpeg,aug_01_mask_lobe2_01630.gif
aug_01_disp_lobe2_01640.jpeg,aug_01_mask_lobe2_01640.gif
aug_01_disp_lobe2_01661.jpeg,aug_01_mask_lobe2_01661.gif
aug_01_disp_lobe2_01671.jpeg,aug_01_mask_lobe2_01671.gif
aug_01_disp_lobe2_01777.jpeg,aug_01_mask_lobe2_01777.gif
aug_01_disp_lobe2_01795.jpeg,aug_01_mask_lobe2_01795.gif
aug_01_disp_lobe2_01807.jpeg,aug_01_mask_lobe2_01807.gif
aug_01_disp_lobe2_01855.jpeg,aug_01_mask_lobe2_01855.gif
aug_01_disp_lobe2_01861.jpeg,aug_01_mask_lobe2_01861.gif
aug_01_disp_lobe2_02166.jpeg,aug_01_mask_lobe2_02166.gif
aug_01_disp_lobe2_02225.jpeg,aug_01_mask_lobe2_02225.gif
aug_01_disp_lobe2_02364.jpeg,aug_01_mask_lobe2_02364.gif
aug_01_disp_lobe2_02378.jpeg,aug_01_mask_lobe2_02378.gif
aug_01_disp_lobe2_02418.jpeg,aug_01_mask_lobe2_02418.gif
aug_01_disp_lobe2_02525.jpeg,aug_01_mask_lobe2_02525.gif
aug_01_disp_lobe2_02536.jpeg,aug_01_mask_lobe2_02536.gif
aug_01_disp_lobe2_02550.jpeg,aug_01_mask_lobe2_02550.gif
aug_01_disp_lobe2_02558.jpeg,aug_01_mask_lobe2_02558.gif
aug_01_disp_lobe2_02562.jpeg,aug_01_mask_lobe2_02562.gif
aug_01_disp_lobe2_02747.jpeg,aug_01_mask_lobe2_02747.gif
aug_01_disp_lobe2_02761.jpeg,aug_01_mask_lobe2_02761.gif
aug_01_disp_lobe2_02784.jpeg,aug_01_mask_lobe2_02784.gif
aug_01_disp_lobe2_02949.jpeg,aug_01_mask_lobe2_02949.gif
aug_01_disp_lobe2_03004.jpeg,aug_01_mask_lobe2_03004.gif
aug_01_disp_lobe2_03113.jpeg,aug_01_mask_lobe2_03113.gif
aug_01_disp_lobe2_03160.jpeg,aug_01_mask_lobe2_03160.gif
aug_01_disp_lobe2_03265.jpeg,aug_01_mask_lobe2_03265.gif
aug_01_disp_lobe2_03489.jpeg,aug_01_mask_lobe2_03489.gif
aug_01_disp_lobe2_03771.jpeg,aug_01_mask_lobe2_03771.gif
aug_01_disp_lobe2_03800.jpeg,aug_01_mask_lobe2_03800.gif
aug_01_disp_lobe2_03854.jpeg,aug_01_mask_lobe2_03854.gif
aug_01_disp_lobe2_03912.jpeg,aug_01_mask_lobe2_03912.gif
aug_01_disp_lobe2_04211.jpeg,aug_01_mask_lobe2_04211.gif
aug_01_disp_lobe2_04259.jpeg,aug_01_mask_lobe2_04259.gif
aug_01_disp_lobe2_04382.jpeg,aug_01_mask_lobe2_04382.gif
aug_01_disp_lobe2_04429.jpeg,aug_01_mask_lobe2_04429.gif
aug_01_disp_lobe2_04436.jpeg,aug_01_mask_lobe2_04436.gif
aug_01_disp_lobe2_04475.jpeg,aug_01_mask_lobe2_04475.gif
aug_01_disp_lobe2_04649.jpeg,aug_01_mask_lobe2_04649.gif
aug_01_disp_lobe2_04817.jpeg,aug_01_mask_lobe2_04817.gif
aug_01_disp_lobe2_04834.jpeg,aug_01_mask_lobe2_04834.gif
aug_01_disp_lobe2_04848.jpeg,aug_01_mask_lobe2_04848.gif
aug_01_disp_lobe2_04860.jpeg,aug_01_mask_lobe2_04860.gif
aug_01_disp_lobe2_04876.jpeg,aug_01_mask_lobe2_04876.gif
aug_01_disp_lobe2_05008.jpeg,aug_01_mask_lobe2_05008.gif
aug_01_disp_lobe2_05221.jpeg,aug_01_mask_lobe2_05221.gif
aug_01_disp_lobe2_05231.jpeg,aug_01_mask_lobe2_05231.gif
aug_01_disp_lobe2_05437.jpeg,aug_01_mask_lobe2_05437.gif
aug_01_disp_lobe2_05601.jpeg,aug_01_mask_lobe2_05601.gif
aug_01_disp_lobe2_05628.jpeg,aug_01_mask_lobe2_05628.gif
aug_01_disp_lobe2_05643.jpeg,aug_01_mask_lobe2_05643.gif
aug_01_disp_lobe2_05656.jpeg,aug_01_mask_lobe2_05656.gif
aug_01_disp_lobe2_05805.jpeg,aug_01_mask_lobe2_05805.gif
aug_01_disp_lobe2_05813.jpeg,aug_01_mask_lobe2_05813.gif
aug_01_disp_lobe2_05925.jpeg,aug_01_mask_lobe2_05925.gif
aug_01_disp_lobe2_05957.jpeg,aug_01_mask_lobe2_05957.gif
aug_01_disp_lobe2_06113.jpeg,aug_01_mask_lobe2_06113.gif
aug_01_disp_lobe2_06315.jpeg,aug_01_mask_lobe2_06315.gif
aug_01_disp_lobe2_06433.jpeg,aug_01_mask_lobe2_06433.gif
aug_01_disp_lobe2_06471.jpeg,aug_01_mask_lobe2_06471.gif
aug_01_disp_lobe2_06537.jpeg,aug_01_mask_lobe2_06537.gif
aug_01_disp_lobe2_06916.jpeg,aug_01_mask_lobe2_06916.gif
aug_01_disp_lobe2_06924.jpeg,aug_01_mask_lobe2_06924.gif
aug_01_disp_lobe2_06947.jpeg,aug_01_mask_lobe2_06947.gif
aug_01_disp_lobe2_06955.jpeg,aug_01_mask_lobe2_06955.gif
aug_01_disp_lobe2_07040.jpeg,aug_01_mask_lobe2_07040.gif
aug_01_disp_lobe2_07060.jpeg,aug_01_mask_lobe2_07060.gif
aug_01_disp_lobe2_07188.jpeg,aug_01_mask_lobe2_07188.gif
aug_01_disp_lobe2_07312.jpeg,aug_01_mask_lobe2_07312.gif
aug_01_disp_lobe2_07507.jpeg,aug_01_mask_lobe2_07507.gif
aug_01_disp_lobe2_07578.jpeg,aug_01_mask_lobe2_07578.gif
aug_01_disp_lobe2_07654.jpeg,aug_01_mask_lobe2_07654.gif
aug_01_disp_lobe2_07678.jpeg,aug_01_mask_lobe2_07678.gif
aug_01_disp_lobe2_07720.jpeg,aug_01_mask_lobe2_07720.gif
aug_01_disp_lobe2_07908.jpeg,aug_01_mask_lobe2_07908.gif
aug_01_disp_lobe2_07952.jpeg,aug_01_mask_lobe2_07952.gif
aug_01_disp_lobe2_08148.jpeg,aug_01_mask_lobe2_08148.gif
aug_01_disp_lobe2_08411.jpeg,aug_01_mask_lobe2_08411.gif
aug_01_disp_lobe2_08579.jpeg,aug_01_mask_lobe2_08579.gif
aug_01_disp_lobe2_08664.jpeg,aug_01_mask_lobe2_08664.gif
aug_01_disp_lobe2_08789.jpeg,aug_01_mask_lobe2_08789.gif
aug_01_disp_lobe2_08860.jpeg,aug_01_mask_lobe2_08860.gif
aug_01_disp_lobe2_08890.jpeg,aug_01_mask_lobe2_08890.gif
aug_01_disp_lobe2_08894.jpeg,aug_01_mask_lobe2_08894.gif
aug_01_disp_lobe2_09132.jpeg,aug_01_mask_lobe2_09132.gif
aug_01_disp_lobe2_09142.jpeg,aug_01_mask_lobe2_09142.gif
aug_01_disp_lobe2_09319.jpeg,aug_01_mask_lobe2_09319.gif
aug_01_disp_lobe2_09498.jpeg,aug_01_mask_lobe2_09498.gif
aug_01_disp_lobe2_09531.jpeg,aug_01_mask_lobe2_09531.gif
aug_01_disp_lobe2_09578.jpeg,aug_01_mask_lobe2_09578.gif
aug_01_disp_lobe2_09696.jpeg,aug_01_mask_lobe2_09696.gif
aug_02_disp_lobe1_01046.jpeg,aug_02_mask_lobe1_01046.gif
aug_02_disp_lobe1_01066.jpeg,aug_02_mask_lobe1_01066.gif
aug_02_disp_lobe1_01104.jpeg,aug_02_mask_lobe1_01104.gif
aug_02_disp_lobe1_01213.jpeg,aug_02_mask_lobe1_01213.gif
aug_02_disp_lobe1_01223.jpeg,aug_02_mask_lobe1_01223.gif
aug_02_disp_lobe1_01279.jpeg,aug_02_mask_lobe1_01279.gif
aug_02_disp_lobe1_01459.jpeg,aug_02_mask_lobe1_01459.gif
aug_02_disp_lobe1_01588.jpeg,aug_02_mask_lobe1_01588.gif
aug_02_disp_lobe1_01589.jpeg,aug_02_mask_lobe1_01589.gif
aug_02_disp_lobe1_01656.jpeg,aug_02_mask_lobe1_01656.gif
aug_02_disp_lobe1_01864.jpeg,aug_02_mask_lobe1_01864.gif
aug_02_disp_lobe1_01939.jpeg,aug_02_mask_lobe1_01939.gif
aug_02_disp_lobe1_02101.jpeg,aug_02_mask_lobe1_02101.gif
aug_02_disp_lobe1_02123.jpeg,aug_02_mask_lobe1_02123.gif
aug_02_disp_lobe1_02130.jpeg,aug_02_mask_lobe1_02130.gif
aug_02_disp_lobe1_02179.jpeg,aug_02_mask_lobe1_02179.gif
aug_02_disp_lobe1_02225.jpeg,aug_02_mask_lobe1_02225.gif
aug_02_disp_lobe1_02264.jpeg,aug_02_mask_lobe1_02264.gif
aug_02_disp_lobe1_02503.jpeg,aug_02_mask_lobe1_02503.gif
aug_02_disp_lobe1_02690.jpeg,aug_02_mask_lobe1_02690.gif
aug_02_disp_lobe1_02750.jpeg,aug_02_mask_lobe1_02750.gif
aug_02_disp_lobe1_02767.jpeg,aug_02_mask_lobe1_02767.gif
aug_02_disp_lobe1_02799.jpeg,aug_02_mask_lobe1_02799.gif
aug_02_disp_lobe1_02824.jpeg,aug_02_mask_lobe1_02824.gif
aug_02_disp_lobe1_02851.jpeg,aug_02_mask_lobe1_02851.gif
aug_02_disp_lobe1_02920.jpeg,aug_02_mask_lobe1_02920.gif
aug_02_disp_lobe1_03038.jpeg,aug_02_mask_lobe1_03038.gif
aug_02_disp_lobe1_03329.jpeg,aug_02_mask_lobe1_03329.gif
aug_02_disp_lobe1_03355.jpeg,aug_02_mask_lobe1_03355.gif
aug_02_disp_lobe1_03380.jpeg,aug_02_mask_lobe1_03380.gif
aug_02_disp_lobe1_03414.jpeg,aug_02_mask_lobe1_03414.gif
aug_02_disp_lobe1_03433.jpeg,aug_02_mask_lobe1_03433.gif
aug_02_disp_lobe1_03436.jpeg,aug_02_mask_lobe1_03436.gif
aug_02_disp_lobe1_03453.jpeg,aug_02_mask_lobe1_03453.gif
aug_02_disp_lobe1_03456.jpeg,aug_02_mask_lobe1_03456.gif
aug_02_disp_lobe1_03462.jpeg,aug_02_mask_lobe1_03462.gif
aug_02_disp_lobe1_03464.jpeg,aug_02_mask_lobe1_03464.gif
aug_02_disp_lobe1_03500.jpeg,aug_02_mask_lobe1_03500.gif
aug_02_disp_lobe1_03522.jpeg,aug_02_mask_lobe1_03522.gif
aug_02_disp_lobe1_03626.jpeg,aug_02_mask_lobe1_03626.gif
aug_02_disp_lobe1_03668.jpeg,aug_02_mask_lobe1_03668.gif
aug_02_disp_lobe1_03682.jpeg,aug_02_mask_lobe1_03682.gif
aug_02_disp_lobe1_03690.jpeg,aug_02_mask_lobe1_03690.gif
aug_02_disp_lobe1_03721.jpeg,aug_02_mask_lobe1_03721.gif
aug_02_disp_lobe1_03755.jpeg,aug_02_mask_lobe1_03755.gif
aug_02_disp_lobe1_03850.jpeg,aug_02_mask_lobe1_03850.gif
aug_02_disp_lobe1_03978.jpeg,aug_02_mask_lobe1_03978.gif
aug_02_disp_lobe1_04046.jpeg,aug_02_mask_lobe1_04046.gif
aug_02_disp_lobe1_04237.jpeg,aug_02_mask_lobe1_04237.gif
aug_02_disp_lobe1_04244.jpeg,aug_02_mask_lobe1_04244.gif
aug_02_disp_lobe1_04282.jpeg,aug_02_mask_lobe1_04282.gif
aug_02_disp_lobe1_04301.jpeg,aug_02_mask_lobe1_04301.gif
aug_02_disp_lobe1_04308.jpeg,aug_02_mask_lobe1_04308.gif
aug_02_disp_lobe1_04416.jpeg,aug_02_mask_lobe1_04416.gif
aug_02_disp_lobe1_04434.jpeg,aug_02_mask_lobe1_04434.gif
aug_02_disp_lobe1_04563.jpeg,aug_02_mask_lobe1_04563.gif
aug_02_disp_lobe1_04573.jpeg,aug_02_mask_lobe1_04573.gif
aug_02_disp_lobe1_04717.jpeg,aug_02_mask_lobe1_04717.gif
aug_02_disp_lobe1_04776.jpeg,aug_02_mask_lobe1_04776.gif
aug_02_disp_lobe1_04777.jpeg,aug_02_mask_lobe1_04777.gif
aug_02_disp_lobe1_04778.jpeg,aug_02_mask_lobe1_04778.gif
aug_02_disp_lobe1_04854.jpeg,aug_02_mask_lobe1_04854.gif
aug_02_disp_lobe1_04857.jpeg,aug_02_mask_lobe1_04857.gif
aug_02_disp_lobe1_04881.jpeg,aug_02_mask_lobe1_04881.gif
aug_02_disp_lobe1_04903.jpeg,aug_02_mask_lobe1_04903.gif
aug_02_disp_lobe1_04920.jpeg,aug_02_mask_lobe1_04920.gif
aug_02_disp_lobe1_04922.jpeg,aug_02_mask_lobe1_04922.gif
aug_02_disp_lobe1_04928.jpeg,aug_02_mask_lobe1_04928.gif
aug_02_disp_lobe1_04945.jpeg,aug_02_mask_lobe1_04945.gif
aug_02_disp_lobe1_05028.jpeg,aug_02_mask_lobe1_05028.gif
aug_02_disp_lobe1_05328.jpeg,aug_02_mask_lobe1_05328.gif
aug_02_disp_lobe1_05375.jpeg,aug_02_mask_lobe1_05375.gif
aug_02_disp_lobe1_05588.jpeg,aug_02_mask_lobe1_05588.gif
aug_02_disp_lobe1_05628.jpeg,aug_02_mask_lobe1_05628.gif
aug_02_disp_lobe1_05762.jpeg,aug_02_mask_lobe1_05762.gif
aug_02_disp_lobe1_05802.jpeg,aug_02_mask_lobe1_05802.gif
aug_02_disp_lobe1_06020.jpeg,aug_02_mask_lobe1_06020.gif
aug_02_disp_lobe1_06042.jpeg,aug_02_mask_lobe1_06042.gif
aug_02_disp_lobe1_06134.jpeg,aug_02_mask_lobe1_06134.gif
aug_02_disp_lobe1_06187.jpeg,aug_02_mask_lobe1_06187.gif
aug_02_disp_lobe1_06239.jpeg,aug_02_mask_lobe1_06239.gif
aug_02_disp_lobe1_06240.jpeg,aug_02_mask_lobe1_06240.gif
aug_02_disp_lobe1_06263.jpeg,aug_02_mask_lobe1_06263.gif
aug_02_disp_lobe1_06277.jpeg,aug_02_mask_lobe1_06277.gif
aug_02_disp_lobe1_06300.jpeg,aug_02_mask_lobe1_06300.gif
aug_02_disp_lobe1_06307.jpeg,aug_02_mask_lobe1_06307.gif
aug_02_disp_lobe1_06320.jpeg,aug_02_mask_lobe1_06320.gif
aug_02_disp_lobe1_06413.jpeg,aug_02_mask_lobe1_06413.gif
aug_02_disp_lobe1_06452.jpeg,aug_02_mask_lobe1_06452.gif
aug_02_disp_lobe1_06490.jpeg,aug_02_mask_lobe1_06490.gif
aug_02_disp_lobe1_06523.jpeg,aug_02_mask_lobe1_06523.gif
aug_02_disp_lobe1_06524.jpeg,aug_02_mask_lobe1_06524.gif
aug_02_disp_lobe1_06580.jpeg,aug_02_mask_lobe1_06580.gif
aug_02_disp_lobe1_06617.jpeg,aug_02_mask_lobe1_06617.gif
aug_02_disp_lobe1_06630.jpeg,aug_02_mask_lobe1_06630.gif
aug_02_disp_lobe1_06688.jpeg,aug_02_mask_lobe1_06688.gif
aug_02_disp_lobe1_06694.jpeg,aug_02_mask_lobe1_06694.gif
aug_02_disp_lobe1_07101.jpeg,aug_02_mask_lobe1_07101.gif
aug_02_disp_lobe1_07245.jpeg,aug_02_mask_lobe1_07245.gif
aug_02_disp_lobe1_07290.jpeg,aug_02_mask_lobe1_07290.gif
aug_02_disp_lobe1_07368.jpeg,aug_02_mask_lobe1_07368.gif
aug_02_disp_lobe1_07395.jpeg,aug_02_mask_lobe1_07395.gif
aug_02_disp_lobe1_07396.jpeg,aug_02_mask_lobe1_07396.gif
aug_02_disp_lobe1_07410.jpeg,aug_02_mask_lobe1_07410.gif
aug_02_disp_lobe1_07543.jpeg,aug_02_mask_lobe1_07543.gif
aug_02_disp_lobe1_07710.jpeg,aug_02_mask_lobe1_07710.gif
aug_02_disp_lobe1_07768.jpeg,aug_02_mask_lobe1_07768.gif
aug_02_disp_lobe1_07826.jpeg,aug_02_mask_lobe1_07826.gif
aug_02_disp_lobe1_07897.jpeg,aug_02_mask_lobe1_07897.gif
aug_02_disp_lobe1_08199.jpeg,aug_02_mask_lobe1_08199.gif
aug_02_disp_lobe1_08206.jpeg,aug_02_mask_lobe1_08206.gif
aug_02_disp_lobe1_08556.jpeg,aug_02_mask_lobe1_08556.gif
aug_02_disp_lobe1_08588.jpeg,aug_02_mask_lobe1_08588.gif
aug_02_disp_lobe1_08601.jpeg,aug_02_mask_lobe1_08601.gif
aug_02_disp_lobe1_08649.jpeg,aug_02_mask_lobe1_08649.gif
aug_02_disp_lobe1_08653.jpeg,aug_02_mask_lobe1_08653.gif
aug_02_disp_lobe1_08661.jpeg,aug_02_mask_lobe1_08661.gif
aug_02_disp_lobe1_08792.jpeg,aug_02_mask_lobe1_08792.gif
aug_02_disp_lobe1_08824.jpeg,aug_02_mask_lobe1_08824.gif
aug_02_disp_lobe1_08837.jpeg,aug_02_mask_lobe1_08837.gif
aug_02_disp_lobe1_08853.jpeg,aug_02_mask_lobe1_08853.gif
aug_02_disp_lobe1_08877.jpeg,aug_02_mask_lobe1_08877.gif
aug_02_disp_lobe1_08878.jpeg,aug_02_mask_lobe1_08878.gif
aug_02_disp_lobe1_08880.jpeg,aug_02_mask_lobe1_08880.gif
aug_02_disp_lobe1_08926.jpeg,aug_02_mask_lobe1_08926.gif
aug_02_disp_lobe2_00046.jpeg,aug_02_mask_lobe2_00046.gif
aug_02_disp_lobe2_00152.jpeg,aug_02_mask_lobe2_00152.gif
aug_02_disp_lobe2_00297.jpeg,aug_02_mask_lobe2_00297.gif
aug_02_disp_lobe2_00344.jpeg,aug_02_mask_lobe2_00344.gif
aug_02_disp_lobe2_00357.jpeg,aug_02_mask_lobe2_00357.gif
aug_02_disp_lobe2_00368.jpeg,aug_02_mask_lobe2_00368.gif
aug_02_disp_lobe2_00423.jpeg,aug_02_mask_lobe2_00423.gif
aug_02_disp_lobe2_00490.jpeg,aug_02_mask_lobe2_00490.gif
aug_02_disp_lobe2_00535.jpeg,aug_02_mask_lobe2_00535.gif
aug_02_disp_lobe2_00588.jpeg,aug_02_mask_lobe2_00588.gif
aug_02_disp_lobe2_00749.jpeg,aug_02_mask_lobe2_00749.gif
aug_02_disp_lobe2_00773.jpeg,aug_02_mask_lobe2_00773.gif
aug_02_disp_lobe2_00796.jpeg,aug_02_mask_lobe2_00796.gif
aug_02_disp_lobe2_00835.jpeg,aug_02_mask_lobe2_00835.gif
aug_02_disp_lobe2_00969.jpeg,aug_02_mask_lobe2_00969.gif
aug_02_disp_lobe2_01039.jpeg,aug_02_mask_lobe2_01039.gif
aug_02_disp_lobe2_01054.jpeg,aug_02_mask_lobe2_01054.gif
aug_02_disp_lobe2_01086.jpeg,aug_02_mask_lobe2_01086.gif
aug_02_disp_lobe2_01147.jpeg,aug_02_mask_lobe2_01147.gif
aug_02_disp_lobe2_01184.jpeg,aug_02_mask_lobe2_01184.gif
aug_02_disp_lobe2_01216.jpeg,aug_02_mask_lobe2_01216.gif
aug_02_disp_lobe2_01377.jpeg,aug_02_mask_lobe2_01377.gif
aug_02_disp_lobe2_01430.jpeg,aug_02_mask_lobe2_01430.gif
aug_02_disp_lobe2_01483.jpeg,aug_02_mask_lobe2_01483.gif
aug_02_disp_lobe2_01606.jpeg,aug_02_mask_lobe2_01606.gif
aug_02_disp_lobe2_01618.jpeg,aug_02_mask_lobe2_01618.gif
aug_02_disp_lobe2_01630.jpeg,aug_02_mask_lobe2_01630.gif
aug_02_disp_lobe2_01640.jpeg,aug_02_mask_lobe2_01640.gif
aug_02_disp_lobe2_01661.jpeg,aug_02_mask_lobe2_01661.gif
aug_02_disp_lobe2_01671.jpeg,aug_02_mask_lobe2_01671.gif
aug_02_disp_lobe2_01777.jpeg,aug_02_mask_lobe2_01777.gif
aug_02_disp_lobe2_01795.jpeg,aug_02_mask_lobe2_01795.gif
aug_02_disp_lobe2_01807.jpeg,aug_02_mask_lobe2_01807.gif
aug_02_disp_lobe2_01855.jpeg,aug_02_mask_lobe2_01855.gif
aug_02_disp_lobe2_01861.jpeg,aug_02_mask_lobe2_01861.gif
aug_02_disp_lobe2_02166.jpeg,aug_02_mask_lobe2_02166.gif
aug_02_disp_lobe2_02225.jpeg,aug_02_mask_lobe2_02225.gif
aug_02_disp_lobe2_02364.jpeg,aug_02_mask_lobe2_02364.gif
aug_02_disp_lobe2_02378.jpeg,aug_02_mask_lobe2_02378.gif
aug_02_disp_lobe2_02418.jpeg,aug_02_mask_lobe2_02418.gif
aug_02_disp_lobe2_02525.jpeg,aug_02_mask_lobe2_02525.gif
aug_02_disp_lobe2_02536.jpeg,aug_02_mask_lobe2_02536.gif
aug_02_disp_lobe2_02550.jpeg,aug_02_mask_lobe2_02550.gif
aug_02_disp_lobe2_02558.jpeg,aug_02_mask_lobe2_02558.gif
aug_02_disp_lobe2_02562.jpeg,aug_02_mask_lobe2_02562.gif
aug_02_disp_lobe2_02747.jpeg,aug_02_mask_lobe2_02747.gif
aug_02_disp_lobe2_02761.jpeg,aug_02_mask_lobe2_02761.gif
aug_02_disp_lobe2_02784.jpeg,aug_02_mask_lobe2_02784.gif
aug_02_disp_lobe2_02949.jpeg,aug_02_mask_lobe2_02949.gif
aug_02_disp_lobe2_03004.jpeg,aug_02_mask_lobe2_03004.gif
aug_02_disp_lobe2_03113.jpeg,aug_02_mask_lobe2_03113.gif
aug_02_disp_lobe2_03160.jpeg,aug_02_mask_lobe2_03160.gif
aug_02_disp_lobe2_03265.jpeg,aug_02_mask_lobe2_03265.gif
aug_02_disp_lobe2_03489.jpeg,aug_02_mask_lobe2_03489.gif
aug_02_disp_lobe2_03771.jpeg,aug_02_mask_lobe2_03771.gif
aug_02_disp_lobe2_03800.jpeg,aug_02_mask_lobe2_03800.gif
aug_02_disp_lobe2_03854.jpeg,aug_02_mask_lobe2_03854.gif
aug_02_disp_lobe2_03912.jpeg,aug_02_mask_lobe2_03912.gif
aug_02_disp_lobe2_04211.jpeg,aug_02_mask_lobe2_04211.gif
aug_02_disp_lobe2_04259.jpeg,aug_02_mask_lobe2_04259.gif
aug_02_disp_lobe2_04382.jpeg,aug_02_mask_lobe2_04382.gif
aug_02_disp_lobe2_04429.jpeg,aug_02_mask_lobe2_04429.gif
aug_02_disp_lobe2_04436.jpeg,aug_02_mask_lobe2_04436.gif
aug_02_disp_lobe2_04475.jpeg,aug_02_mask_lobe2_04475.gif
aug_02_disp_lobe2_04649.jpeg,aug_02_mask_lobe2_04649.gif
aug_02_disp_lobe2_04817.jpeg,aug_02_mask_lobe2_04817.gif
aug_02_disp_lobe2_04834.jpeg,aug_02_mask_lobe2_04834.gif
aug_02_disp_lobe2_04848.jpeg,aug_02_mask_lobe2_04848.gif
aug_02_disp_lobe2_04860.jpeg,aug_02_mask_lobe2_04860.gif
aug_02_disp_lobe2_04876.jpeg,aug_02_mask_lobe2_04876.gif
aug_02_disp_lobe2_05008.jpeg,aug_02_mask_lobe2_05008.gif
aug_02_disp_lobe2_05221.jpeg,aug_02_mask_lobe2_05221.gif
aug_02_disp_lobe2_05231.jpeg,aug_02_mask_lobe2_05231.gif
aug_02_disp_lobe2_05437.jpeg,aug_02_mask_lobe2_05437.gif
aug_02_disp_lobe2_05601.jpeg,aug_02_mask_lobe2_05601.gif
aug_02_disp_lobe2_05628.jpeg,aug_02_mask_lobe2_05628.gif
aug_02_disp_lobe2_05643.jpeg,aug_02_mask_lobe2_05643.gif
aug_02_disp_lobe2_05656.jpeg,aug_02_mask_lobe2_05656.gif
aug_02_disp_lobe2_05805.jpeg,aug_02_mask_lobe2_05805.gif
aug_02_disp_lobe2_05813.jpeg,aug_02_mask_lobe2_05813.gif
aug_02_disp_lobe2_05925.jpeg,aug_02_mask_lobe2_05925.gif
aug_02_disp_lobe2_05957.jpeg,aug_02_mask_lobe2_05957.gif
aug_02_disp_lobe2_06113.jpeg,aug_02_mask_lobe2_06113.gif
aug_02_disp_lobe2_06315.jpeg,aug_02_mask_lobe2_06315.gif
aug_02_disp_lobe2_06433.jpeg,aug_02_mask_lobe2_06433.gif
aug_02_disp_lobe2_06471.jpeg,aug_02_mask_lobe2_06471.gif
aug_02_disp_lobe2_06537.jpeg,aug_02_mask_lobe2_06537.gif
aug_02_disp_lobe2_06916.jpeg,aug_02_mask_lobe2_06916.gif
aug_02_disp_lobe2_06924.jpeg,aug_02_mask_lobe2_06924.gif
aug_02_disp_lobe2_06947.jpeg,aug_02_mask_lobe2_06947.gif
aug_02_disp_lobe2_06955.jpeg,aug_02_mask_lobe2_06955.gif
aug_02_disp_lobe2_07040.jpeg,aug_02_mask_lobe2_07040.gif
aug_02_disp_lobe2_07060.jpeg,aug_02_mask_lobe2_07060.gif
aug_02_disp_lobe2_07188.jpeg,aug_02_mask_lobe2_07188.gif
aug_02_disp_lobe2_07312.jpeg,aug_02_mask_lobe2_07312.gif
aug_02_disp_lobe2_07507.jpeg,aug_02_mask_lobe2_07507.gif
aug_02_disp_lobe2_07578.jpeg,aug_02_mask_lobe2_07578.gif
aug_02_disp_lobe2_07654.jpeg,aug_02_mask_lobe2_07654.gif
aug_02_disp_lobe2_07678.jpeg,aug_02_mask_lobe2_07678.gif
aug_02_disp_lobe2_07720.jpeg,aug_02_mask_lobe2_07720.gif
aug_02_disp_lobe2_07908.jpeg,aug_02_mask_lobe2_07908.gif
aug_02_disp_lobe2_07952.jpeg,aug_02_mask_lobe2_07952.gif
aug_02_disp_lobe2_08148.jpeg,aug_02_mask_lobe2_08148.gif
aug_02_disp_lobe2_08411.jpeg,aug_02_mask_lobe2_08411.gif
aug_02_disp_lobe2_08579.jpeg,aug_02_mask_lobe2_08579.gif
aug_02_disp_lobe2_08664.jpeg,aug_02_mask_lobe2_08664.gif
aug_02_disp_lobe2_08789.jpeg,aug_02_mask_lobe2_08789.gif
aug_02_disp_lobe2_08860.jpeg,aug_02_mask_lobe2_08860.gif
aug_02_disp_lobe2_08890.jpeg,aug_02_mask_lobe2_08890.gif
aug_02_disp_lobe2_08894.jpeg,aug_02_mask_lobe2_08894.gif
aug_02_disp_lobe2_09132.jpeg,aug_02_mask_lobe2_09132.gif
aug_02_disp_lobe2_09142.jpeg,aug_02_mask_lobe2_09142.gif
aug_02_disp_lobe2_09319.jpeg,aug_02_mask_lobe2_09319.gif
aug_02_disp_lobe2_09498.jpeg,aug_02_mask_lobe2_09498.gif
aug_02_disp_lobe2_09531.jpeg,aug_02_mask_lobe2_09531.gif
aug_02_disp_lobe2_09578.jpeg,aug_02_mask_lobe2_09578.gif
aug_02_disp_lobe2_09696.jpeg,aug_02_mask_lobe2_09696.gif
aug_03_disp_lobe1_01046.jpeg,aug_03_mask_lobe1_01046.gif
aug_03_disp_lobe1_01066.jpeg,aug_03_mask_lobe1_01066.gif
aug_03_disp_lobe1_01104.jpeg,aug_03_mask_lobe1_01104.gif
aug_03_disp_lobe1_01213.jpeg,aug_03_mask_lobe1_01213.gif
aug_03_disp_lobe1_01223.jpeg,aug_03_mask_lobe1_01223.gif
aug_03_disp_lobe1_01279.jpeg,aug_03_mask_lobe1_01279.gif
aug_03_disp_lobe1_01459.jpeg,aug_03_mask_lobe1_01459.gif
aug_03_disp_lobe1_01588.jpeg,aug_03_mask_lobe1_01588.gif
aug_03_disp_lobe1_01589.jpeg,aug_03_mask_lobe1_01589.gif
aug_03_disp_lobe1_01656.jpeg,aug_03_mask_lobe1_01656.gif
aug_03_disp_lobe1_01864.jpeg,aug_03_mask_lobe1_01864.gif
aug_03_disp_lobe1_01939.jpeg,aug_03_mask_lobe1_01939.gif
aug_03_disp_lobe1_02101.jpeg,aug_03_mask_lobe1_02101.gif
aug_03_disp_lobe1_02123.jpeg,aug_03_mask_lobe1_02123.gif
aug_03_disp_lobe1_02130.jpeg,aug_03_mask_lobe1_02130.gif
aug_03_disp_lobe1_02179.jpeg,aug_03_mask_lobe1_02179.gif
aug_03_disp_lobe1_02225.jpeg,aug_03_mask_lobe1_02225.gif
aug_03_disp_lobe1_02264.jpeg,aug_03_mask_lobe1_02264.gif
aug_03_disp_lobe1_02503.jpeg,aug_03_mask_lobe1_02503.gif
aug_03_disp_lobe1_02690.jpeg,aug_03_mask_lobe1_02690.gif
aug_03_disp_lobe1_02750.jpeg,aug_03_mask_lobe1_02750.gif
aug_03_disp_lobe1_02767.jpeg,aug_03_mask_lobe1_02767.gif
aug_03_disp_lobe1_02799.jpeg,aug_03_mask_lobe1_02799.gif
aug_03_disp_lobe1_02824.jpeg,aug_03_mask_lobe1_02824.gif
aug_03_disp_lobe1_02851.jpeg,aug_03_mask_lobe1_02851.gif
aug_03_disp_lobe1_02920.jpeg,aug_03_mask_lobe1_02920.gif
aug_03_disp_lobe1_03038.jpeg,aug_03_mask_lobe1_03038.gif
aug_03_disp_lobe1_03329.jpeg,aug_03_mask_lobe1_03329.gif
aug_03_disp_lobe1_03355.jpeg,aug_03_mask_lobe1_03355.gif
aug_03_disp_lobe1_03380.jpeg,aug_03_mask_lobe1_03380.gif
aug_03_disp_lobe1_03414.jpeg,aug_03_mask_lobe1_03414.gif
aug_03_disp_lobe1_03433.jpeg,aug_03_mask_lobe1_03433.gif
aug_03_disp_lobe1_03436.jpeg,aug_03_mask_lobe1_03436.gif
aug_03_disp_lobe1_03453.jpeg,aug_03_mask_lobe1_03453.gif
aug_03_disp_lobe1_03456.jpeg,aug_03_mask_lobe1_03456.gif
aug_03_disp_lobe1_03462.jpeg,aug_03_mask_lobe1_03462.gif
aug_03_disp_lobe1_03464.jpeg,aug_03_mask_lobe1_03464.gif
aug_03_disp_lobe1_03500.jpeg,aug_03_mask_lobe1_03500.gif
aug_03_disp_lobe1_03522.jpeg,aug_03_mask_lobe1_03522.gif
aug_03_disp_lobe1_03626.jpeg,aug_03_mask_lobe1_03626.gif
aug_03_disp_lobe1_03668.jpeg,aug_03_mask_lobe1_03668.gif
aug_03_disp_lobe1_03682.jpeg,aug_03_mask_lobe1_03682.gif
aug_03_disp_lobe1_03690.jpeg,aug_03_mask_lobe1_03690.gif
aug_03_disp_lobe1_03721.jpeg,aug_03_mask_lobe1_03721.gif
aug_03_disp_lobe1_03755.jpeg,aug_03_mask_lobe1_03755.gif
aug_03_disp_lobe1_03850.jpeg,aug_03_mask_lobe1_03850.gif
aug_03_disp_lobe1_03978.jpeg,aug_03_mask_lobe1_03978.gif
aug_03_disp_lobe1_04046.jpeg,aug_03_mask_lobe1_04046.gif
aug_03_disp_lobe1_04237.jpeg,aug_03_mask_lobe1_04237.gif
aug_03_disp_lobe1_04244.jpeg,aug_03_mask_lobe1_04244.gif
aug_03_disp_lobe1_04282.jpeg,aug_03_mask_lobe1_04282.gif
aug_03_disp_lobe1_04301.jpeg,aug_03_mask_lobe1_04301.gif
aug_03_disp_lobe1_04308.jpeg,aug_03_mask_lobe1_04308.gif
aug_03_disp_lobe1_04416.jpeg,aug_03_mask_lobe1_04416.gif
aug_03_disp_lobe1_04434.jpeg,aug_03_mask_lobe1_04434.gif
aug_03_disp_lobe1_04563.jpeg,aug_03_mask_lobe1_04563.gif
aug_03_disp_lobe1_04573.jpeg,aug_03_mask_lobe1_04573.gif
aug_03_disp_lobe1_04717.jpeg,aug_03_mask_lobe1_04717.gif
aug_03_disp_lobe1_04776.jpeg,aug_03_mask_lobe1_04776.gif
aug_03_disp_lobe1_04777.jpeg,aug_03_mask_lobe1_04777.gif
aug_03_disp_lobe1_04778.jpeg,aug_03_mask_lobe1_04778.gif
aug_03_disp_lobe1_04854.jpeg,aug_03_mask_lobe1_04854.gif
aug_03_disp_lobe1_04857.jpeg,aug_03_mask_lobe1_04857.gif
aug_03_disp_lobe1_04881.jpeg,aug_03_mask_lobe1_04881.gif
aug_03_disp_lobe1_04903.jpeg,aug_03_mask_lobe1_04903.gif
aug_03_disp_lobe1_04920.jpeg,aug_03_mask_lobe1_04920.gif
aug_03_disp_lobe1_04922.jpeg,aug_03_mask_lobe1_04922.gif
aug_03_disp_lobe1_04928.jpeg,aug_03_mask_lobe1_04928.gif
aug_03_disp_lobe1_04945.jpeg,aug_03_mask_lobe1_04945.gif
aug_03_disp_lobe1_05028.jpeg,aug_03_mask_lobe1_05028.gif
aug_03_disp_lobe1_05328.jpeg,aug_03_mask_lobe1_05328.gif
aug_03_disp_lobe1_05375.jpeg,aug_03_mask_lobe1_05375.gif
aug_03_disp_lobe1_05588.jpeg,aug_03_mask_lobe1_05588.gif
aug_03_disp_lobe1_05628.jpeg,aug_03_mask_lobe1_05628.gif
aug_03_disp_lobe1_05762.jpeg,aug_03_mask_lobe1_05762.gif
aug_03_disp_lobe1_05802.jpeg,aug_03_mask_lobe1_05802.gif
aug_03_disp_lobe1_06020.jpeg,aug_03_mask_lobe1_06020.gif
aug_03_disp_lobe1_06042.jpeg,aug_03_mask_lobe1_06042.gif
aug_03_disp_lobe1_06134.jpeg,aug_03_mask_lobe1_06134.gif
aug_03_disp_lobe1_06187.jpeg,aug_03_mask_lobe1_06187.gif
aug_03_disp_lobe1_06239.jpeg,aug_03_mask_lobe1_06239.gif
aug_03_disp_lobe1_06240.jpeg,aug_03_mask_lobe1_06240.gif
aug_03_disp_lobe1_06263.jpeg,aug_03_mask_lobe1_06263.gif
aug_03_disp_lobe1_06277.jpeg,aug_03_mask_lobe1_06277.gif
aug_03_disp_lobe1_06300.jpeg,aug_03_mask_lobe1_06300.gif
aug_03_disp_lobe1_06307.jpeg,aug_03_mask_lobe1_06307.gif
aug_03_disp_lobe1_06320.jpeg,aug_03_mask_lobe1_06320.gif
aug_03_disp_lobe1_06413.jpeg,aug_03_mask_lobe1_06413.gif
aug_03_disp_lobe1_06452.jpeg,aug_03_mask_lobe1_06452.gif
aug_03_disp_lobe1_06490.jpeg,aug_03_mask_lobe1_06490.gif
aug_03_disp_lobe1_06523.jpeg,aug_03_mask_lobe1_06523.gif
aug_03_disp_lobe1_06524.jpeg,aug_03_mask_lobe1_06524.gif
aug_03_disp_lobe1_06580.jpeg,aug_03_mask_lobe1_06580.gif
aug_03_disp_lobe1_06617.jpeg,aug_03_mask_lobe1_06617.gif
aug_03_disp_lobe1_06630.jpeg,aug_03_mask_lobe1_06630.gif
aug_03_disp_lobe1_06688.jpeg,aug_03_mask_lobe1_06688.gif
aug_03_disp_lobe1_06694.jpeg,aug_03_mask_lobe1_06694.gif
aug_03_disp_lobe1_07101.jpeg,aug_03_mask_lobe1_07101.gif
aug_03_disp_lobe1_07245.jpeg,aug_03_mask_lobe1_07245.gif
aug_03_disp_lobe1_07290.jpeg,aug_03_mask_lobe1_07290.gif
aug_03_disp_lobe1_07368.jpeg,aug_03_mask_lobe1_07368.gif
aug_03_disp_lobe1_07395.jpeg,aug_03_mask_lobe1_07395.gif
aug_03_disp_lobe1_07396.jpeg,aug_03_mask_lobe1_07396.gif
aug_03_disp_lobe1_07410.jpeg,aug_03_mask_lobe1_07410.gif
aug_03_disp_lobe1_07543.jpeg,aug_03_mask_lobe1_07543.gif
aug_03_disp_lobe1_07710.jpeg,aug_03_mask_lobe1_07710.gif
aug_03_disp_lobe1_07768.jpeg,aug_03_mask_lobe1_07768.gif
aug_03_disp_lobe1_07826.jpeg,aug_03_mask_lobe1_07826.gif
aug_03_disp_lobe1_07897.jpeg,aug_03_mask_lobe1_07897.gif
aug_03_disp_lobe1_08199.jpeg,aug_03_mask_lobe1_08199.gif
aug_03_disp_lobe1_08206.jpeg,aug_03_mask_lobe1_08206.gif
aug_03_disp_lobe1_08556.jpeg,aug_03_mask_lobe1_08556.gif
aug_03_disp_lobe1_08588.jpeg,aug_03_mask_lobe1_08588.gif
aug_03_disp_lobe1_08601.jpeg,aug_03_mask_lobe1_08601.gif
aug_03_disp_lobe1_08649.jpeg,aug_03_mask_lobe1_08649.gif
aug_03_disp_lobe1_08653.jpeg,aug_03_mask_lobe1_08653.gif
aug_03_disp_lobe1_08661.jpeg,aug_03_mask_lobe1_08661.gif
aug_03_disp_lobe1_08792.jpeg,aug_03_mask_lobe1_08792.gif
aug_03_disp_lobe1_08824.jpeg,aug_03_mask_lobe1_08824.gif
aug_03_disp_lobe1_08837.jpeg,aug_03_mask_lobe1_08837.gif
aug_03_disp_lobe1_08853.jpeg,aug_03_mask_lobe1_08853.gif
aug_03_disp_lobe1_08877.jpeg,aug_03_mask_lobe1_08877.gif
aug_03_disp_lobe1_08878.jpeg,aug_03_mask_lobe1_08878.gif
aug_03_disp_lobe1_08880.jpeg,aug_03_mask_lobe1_08880.gif
aug_03_disp_lobe1_08926.jpeg,aug_03_mask_lobe1_08926.gif
aug_03_disp_lobe2_00046.jpeg,aug_03_mask_lobe2_00046.gif
aug_03_disp_lobe2_00152.jpeg,aug_03_mask_lobe2_00152.gif
aug_03_disp_lobe2_00297.jpeg,aug_03_mask_lobe2_00297.gif
aug_03_disp_lobe2_00344.jpeg,aug_03_mask_lobe2_00344.gif
aug_03_disp_lobe2_00357.jpeg,aug_03_mask_lobe2_00357.gif
aug_03_disp_lobe2_00368.jpeg,aug_03_mask_lobe2_00368.gif
aug_03_disp_lobe2_00423.jpeg,aug_03_mask_lobe2_00423.gif
aug_03_disp_lobe2_00490.jpeg,aug_03_mask_lobe2_00490.gif
aug_03_disp_lobe2_00535.jpeg,aug_03_mask_lobe2_00535.gif
aug_03_disp_lobe2_00588.jpeg,aug_03_mask_lobe2_00588.gif
aug_03_disp_lobe2_00749.jpeg,aug_03_mask_lobe2_00749.gif
aug_03_disp_lobe2_00773.jpeg,aug_03_mask_lobe2_00773.gif
aug_03_disp_lobe2_00796.jpeg,aug_03_mask_lobe2_00796.gif
aug_03_disp_lobe2_00835.jpeg,aug_03_mask_lobe2_00835.gif
aug_03_disp_lobe2_00969.jpeg,aug_03_mask_lobe2_00969.gif
aug_03_disp_lobe2_01039.jpeg,aug_03_mask_lobe2_01039.gif
aug_03_disp_lobe2_01054.jpeg,aug_03_mask_lobe2_01054.gif
aug_03_disp_lobe2_01086.jpeg,aug_03_mask_lobe2_01086.gif
aug_03_disp_lobe2_01147.jpeg,aug_03_mask_lobe2_01147.gif
aug_03_disp_lobe2_01184.jpeg,aug_03_mask_lobe2_01184.gif
aug_03_disp_lobe2_01216.jpeg,aug_03_mask_lobe2_01216.gif
aug_03_disp_lobe2_01377.jpeg,aug_03_mask_lobe2_01377.gif
aug_03_disp_lobe2_01430.jpeg,aug_03_mask_lobe2_01430.gif
aug_03_disp_lobe2_01483.jpeg,aug_03_mask_lobe2_01483.gif
aug_03_disp_lobe2_01606.jpeg,aug_03_mask_lobe2_01606.gif
aug_03_disp_lobe2_01618.jpeg,aug_03_mask_lobe2_01618.gif
aug_03_disp_lobe2_01630.jpeg,aug_03_mask_lobe2_01630.gif
aug_03_disp_lobe2_01640.jpeg,aug_03_mask_lobe2_01640.gif
aug_03_disp_lobe2_01661.jpeg,aug_03_mask_lobe2_01661.gif
aug_03_disp_lobe2_01671.jpeg,aug_03_mask_lobe2_01671.gif
aug_03_disp_lobe2_01777.jpeg,aug_03_mask_lobe2_01777.gif
aug_03_disp_lobe2_01795.jpeg,aug_03_mask_lobe2_01795.gif
aug_03_disp_lobe2_01807.jpeg,aug_03_mask_lobe2_01807.gif
aug_03_disp_lobe2_01855.jpeg,aug_03_mask_lobe2_01855.gif
aug_03_disp_lobe2_01861.jpeg,aug_03_mask_lobe2_01861.gif
aug_03_disp_lobe2_02166.jpeg,aug_03_mask_lobe2_02166.gif
aug_03_disp_lobe2_02225.jpeg,aug_03_mask_lobe2_02225.gif
aug_03_disp_lobe2_02364.jpeg,aug_03_mask_lobe2_02364.gif
aug_03_disp_lobe2_02378.jpeg,aug_03_mask_lobe2_02378.gif
aug_03_disp_lobe2_02418.jpeg,aug_03_mask_lobe2_02418.gif
aug_03_disp_lobe2_02525.jpeg,aug_03_mask_lobe2_02525.gif
aug_03_disp_lobe2_02536.jpeg,aug_03_mask_lobe2_02536.gif
aug_03_disp_lobe2_02550.jpeg,aug_03_mask_lobe2_02550.gif
aug_03_disp_lobe2_02558.jpeg,aug_03_mask_lobe2_02558.gif
aug_03_disp_lobe2_02562.jpeg,aug_03_mask_lobe2_02562.gif
aug_03_disp_lobe2_02747.jpeg,aug_03_mask_lobe2_02747.gif
aug_03_disp_lobe2_02761.jpeg,aug_03_mask_lobe2_02761.gif
aug_03_disp_lobe2_02784.jpeg,aug_03_mask_lobe2_02784.gif
aug_03_disp_lobe2_02949.jpeg,aug_03_mask_lobe2_02949.gif
aug_03_disp_lobe2_03004.jpeg,aug_03_mask_lobe2_03004.gif
aug_03_disp_lobe2_03113.jpeg,aug_03_mask_lobe2_03113.gif
aug_03_disp_lobe2_03160.jpeg,aug_03_mask_lobe2_03160.gif
aug_03_disp_lobe2_03265.jpeg,aug_03_mask_lobe2_03265.gif
aug_03_disp_lobe2_03489.jpeg,aug_03_mask_lobe2_03489.gif
aug_03_disp_lobe2_03771.jpeg,aug_03_mask_lobe2_03771.gif
aug_03_disp_lobe2_03800.jpeg,aug_03_mask_lobe2_03800.gif
aug_03_disp_lobe2_03854.jpeg,aug_03_mask_lobe2_03854.gif
aug_03_disp_lobe2_03912.jpeg,aug_03_mask_lobe2_03912.gif
aug_03_disp_lobe2_04211.jpeg,aug_03_mask_lobe2_04211.gif
aug_03_disp_lobe2_04259.jpeg,aug_03_mask_lobe2_04259.gif
aug_03_disp_lobe2_04382.jpeg,aug_03_mask_lobe2_04382.gif
aug_03_disp_lobe2_04429.jpeg,aug_03_mask_lobe2_04429.gif
aug_03_disp_lobe2_04436.jpeg,aug_03_mask_lobe2_04436.gif
aug_03_disp_lobe2_04475.jpeg,aug_03_mask_lobe2_04475.gif
aug_03_disp_lobe2_04649.jpeg,aug_03_mask_lobe2_04649.gif
aug_03_disp_lobe2_04817.jpeg,aug_03_mask_lobe2_04817.gif
aug_03_disp_lobe2_04834.jpeg,aug_03_mask_lobe2_04834.gif
aug_03_disp_lobe2_04848.jpeg,aug_03_mask_lobe2_04848.gif
aug_03_disp_lobe2_04860.jpeg,aug_03_mask_lobe2_04860.gif
aug_03_disp_lobe2_04876.jpeg,aug_03_mask_lobe2_04876.gif
aug_03_disp_lobe2_05008.jpeg,aug_03_mask_lobe2_05008.gif
aug_03_disp_lobe2_05221.jpeg,aug_03_mask_lobe2_05221.gif
aug_03_disp_lobe2_05231.jpeg,aug_03_mask_lobe2_05231.gif
aug_03_disp_lobe2_05437.jpeg,aug_03_mask_lobe2_05437.gif
aug_03_disp_lobe2_05601.jpeg,aug_03_mask_lobe2_05601.gif
aug_03_disp_lobe2_05628.jpeg,aug_03_mask_lobe2_05628.gif
aug_03_disp_lobe2_05643.jpeg,aug_03_mask_lobe2_05643.gif
aug_03_disp_lobe2_05656.jpeg,aug_03_mask_lobe2_05656.gif
aug_03_disp_lobe2_05805.jpeg,aug_03_mask_lobe2_05805.gif
aug_03_disp_lobe2_05813.jpeg,aug_03_mask_lobe2_05813.gif
aug_03_disp_lobe2_05925.jpeg,aug_03_mask_lobe2_05925.gif
aug_03_disp_lobe2_05957.jpeg,aug_03_mask_lobe2_05957.gif
aug_03_disp_lobe2_06113.jpeg,aug_03_mask_lobe2_06113.gif
aug_03_disp_lobe2_06315.jpeg,aug_03_mask_lobe2_06315.gif
aug_03_disp_lobe2_06433.jpeg,aug_03_mask_lobe2_06433.gif
aug_03_disp_lobe2_06471.jpeg,aug_03_mask_lobe2_06471.gif
aug_03_disp_lobe2_06537.jpeg,aug_03_mask_lobe2_06537.gif
aug_03_disp_lobe2_06916.jpeg,aug_03_mask_lobe2_06916.gif
aug_03_disp_lobe2_06924.jpeg,aug_03_mask_lobe2_06924.gif
aug_03_disp_lobe2_06947.jpeg,aug_03_mask_lobe2_06947.gif
aug_03_disp_lobe2_06955.jpeg,aug_03_mask_lobe2_06955.gif
aug_03_disp_lobe2_07040.jpeg,aug_03_mask_lobe2_07040.gif
aug_03_disp_lobe2_07060.jpeg,aug_03_mask_lobe2_07060.gif
aug_03_disp_lobe2_07188.jpeg,aug_03_mask_lobe2_07188.gif
aug_03_disp_lobe2_07312.jpeg,aug_03_mask_lobe2_07312.gif
aug_03_disp_lobe2_07507.jpeg,aug_03_mask_lobe2_07507.gif
aug_03_disp_lobe2_07578.jpeg,aug_03_mask_lobe2_07578.gif
aug_03_disp_lobe2_07654.jpeg,aug_03_mask_lobe2_07654.gif
aug_03_disp_lobe2_07678.jpeg,aug_03_mask_lobe2_07678.gif
aug_03_disp_lobe2_07720.jpeg,aug_03_mask_lobe2_07720.gif
aug_03_disp_lobe2_07908.jpeg,aug_03_mask_lobe2_07908.gif
aug_03_disp_lobe2_07952.jpeg,aug_03_mask_lobe2_07952.gif
aug_03_disp_lobe2_08148.jpeg,aug_03_mask_lobe2_08148.gif
aug_03_disp_lobe2_08411.jpeg,aug_03_mask_lobe2_08411.gif
aug_03_disp_lobe2_08579.jpeg,aug_03_mask_lobe2_08579.gif
aug_03_disp_lobe2_08664.jpeg,aug_03_mask_lobe2_08664.gif
aug_03_disp_lobe2_08789.jpeg,aug_03_mask_lobe2_08789.gif
aug_03_disp_lobe2_08860.jpeg,aug_03_mask_lobe2_08860.gif
aug_03_disp_lobe2_08890.jpeg,aug_03_mask_lobe2_08890.gif
aug_03_disp_lobe2_08894.jpeg,aug_03_mask_lobe2_08894.gif
aug_03_disp_lobe2_09132.jpeg,aug_03_mask_lobe2_09132.gif
aug_03_disp_lobe2_09142.jpeg,aug_03_mask_lobe2_09142.gif
aug_03_disp_lobe2_09319.jpeg,aug_03_mask_lobe2_09319.gif
aug_03_disp_lobe2_09498.jpeg,aug_03_mask_lobe2_09498.gif
aug_03_disp_lobe2_09531.jpeg,aug_03_mask_lobe2_09531.gif
aug_03_disp_lobe2_09578.jpeg,aug_03_mask_lobe2_09578.gif
aug_03_disp_lobe2_09696.jpeg,aug_03_mask_lobe2_09696.gif
disp_lobe1_01013.jpeg,mask_lobe1_01013.gif
disp_lobe1_01046.jpeg,mask_lobe1_01046.gif
disp_lobe1_01066.jpeg,mask_lobe1_01066.gif
disp_lobe1_01068.jpeg,mask_lobe1_01068.gif
disp_lobe1_01104.jpeg,mask_lobe1_01104.gif
disp_lobe1_01119.jpeg,mask_lobe1_01119.gif
disp_lobe1_01213.jpeg,mask_lobe1_01213.gif
disp_lobe1_01214.jpeg,mask_lobe1_01214.gif
disp_lobe1_01223.jpeg,mask_lobe1_01223.gif
disp_lobe1_01279.jpeg,mask_lobe1_01279.gif
disp_lobe1_01344.jpeg,mask_lobe1_01344.gif
disp_lobe1_01415.jpeg,mask_lobe1_01415.gif
disp_lobe1_01459.jpeg,mask_lobe1_01459.gif
disp_lobe1_01588.jpeg,mask_lobe1_01588.gif
disp_lobe1_01589.jpeg,mask_lobe1_01589.gif
disp_lobe1_01622.jpeg,mask_lobe1_01622.gif
disp_lobe1_01656.jpeg,mask_lobe1_01656.gif
disp_lobe1_01800.jpeg,mask_lobe1_01800.gif
disp_lobe1_01864.jpeg,mask_lobe1_01864.gif
disp_lobe1_01939.jpeg,mask_lobe1_01939.gif
disp_lobe1_01947.jpeg,mask_lobe1_01947.gif
disp_lobe1_01959.jpeg,mask_lobe1_01959.gif
disp_lobe1_02101.jpeg,mask_lobe1_02101.gif
disp_lobe1_02123.jpeg,mask_lobe1_02123.gif
disp_lobe1_02130.jpeg,mask_lobe1_02130.gif
disp_lobe1_02179.jpeg,mask_lobe1_02179.gif
disp_lobe1_02225.jpeg,mask_lobe1_02225.gif
disp_lobe1_02264.jpeg,mask_lobe1_02264.gif
disp_lobe1_02384.jpeg,mask_lobe1_02384.gif
disp_lobe1_02387.jpeg,mask_lobe1_02387.gif
disp_lobe1_02392.jpeg,mask_lobe1_02392.gif
disp_lobe1_02503.jpeg,mask_lobe1_02503.gif
disp_lobe1_02690.jpeg,mask_lobe1_02690.gif
disp_lobe1_02750.jpeg,mask_lobe1_02750.gif
disp_lobe1_02767.jpeg,mask_lobe1_02767.gif
disp_lobe1_02799.jpeg,mask_lobe1_02799.gif
disp_lobe1_02810.jpeg,mask_lobe1_02810.gif
disp_lobe1_02824.jpeg,mask_lobe1_02824.gif
disp_lobe1_02851.jpeg,mask_lobe1_02851.gif
disp_lobe1_02920.jpeg,mask_lobe1_02920.gif
disp_lobe1_02980.jpeg,mask_lobe1_02980.gif
disp_lobe1_03038.jpeg,mask_lobe1_03038.gif
disp_lobe1_03329.jpeg,mask_lobe1_03329.gif
disp_lobe1_03355.jpeg,mask_lobe1_03355.gif
disp_lobe1_03364.jpeg,mask_lobe1_03364.gif
disp_lobe1_03380.jpeg,mask_lobe1_03380.gif
disp_lobe1_03397.jpeg,mask_lobe1_03397.gif
disp_lobe1_03414.jpeg,mask_lobe1_03414.gif
disp_lobe1_03433.jpeg,mask_lobe1_03433.gif
disp_lobe1_03436.jpeg,mask_lobe1_03436.gif
disp_lobe1_03441.jpeg,mask_lobe1_03441.gif
disp_lobe1_03444.jpeg,mask_lobe1_03444.gif
disp_lobe1_03453.jpeg,mask_lobe1_03453.gif
disp_lobe1_03456.jpeg,mask_lobe1_03456.gif
disp_lobe1_03462.jpeg,mask_lobe1_03462.gif
disp_lobe1_03464.jpeg,mask_lobe1_03464.gif
disp_lobe1_03483.jpeg,mask_lobe1_03483.gif
disp_lobe1_03500.jpeg,mask_lobe1_03500.gif
disp_lobe1_03522.jpeg,mask_lobe1_03522.gif
disp_lobe1_03539.jpeg,mask_lobe1_03539.gif
disp_lobe1_03543.jpeg,mask_lobe1_03543.gif
disp_lobe1_03626.jpeg,mask_lobe1_03626.gif
disp_lobe1_03668.jpeg,mask_lobe1_03668.gif
disp_lobe1_03672.jpeg,mask_lobe1_03672.gif
disp_lobe1_03682.jpeg,mask_lobe1_03682.gif
disp_lobe1_03690.jpeg,mask_lobe1_03690.gif
disp_lobe1_03721.jpeg,mask_lobe1_03721.gif
disp_lobe1_03755.jpeg,mask_lobe1_03755.gif
disp_lobe1_03787.jpeg,mask_lobe1_03787.gif
disp_lobe1_03788.jpeg,mask_lobe1_03788.gif
disp_lobe1_03789.jpeg,mask_lobe1_03789.gif
disp_lobe1_03850.jpeg,mask_lobe1_03850.gif
disp_lobe1_03910.jpeg,mask_lobe1_03910.gif
disp_lobe1_03978.jpeg,mask_lobe1_03978.gif
disp_lobe1_04046.jpeg,mask_lobe1_04046.gif
disp_lobe1_04050.jpeg,mask_lobe1_04050.gif
disp_lobe1_04116.jpeg,mask_lobe1_04116.gif
disp_lobe1_04155.jpeg,mask_lobe1_04155.gif
disp_lobe1_04214.jpeg,mask_lobe1_04214.gif
disp_lobe1_04237.jpeg,mask_lobe1_04237.gif
disp_lobe1_04244.jpeg,mask_lobe1_04244.gif
disp_lobe1_04282.jpeg,mask_lobe1_04282.gif
disp_lobe1_04301.jpeg,mask_lobe1_04301.gif
disp_lobe1_04308.jpeg,mask_lobe1_04308.gif
disp_lobe1_04404.jpeg,mask_lobe1_04404.gif
disp_lobe1_04416.jpeg,mask_lobe1_04416.gif
disp_lobe1_04434.jpeg,mask_lobe1_04434.gif
disp_lobe1_04536.jpeg,mask_lobe1_04536.gif
disp_lobe1_04542.jpeg,mask_lobe1_04542.gif
disp_lobe1_04563.jpeg,mask_lobe1_04563.gif
disp_lobe1_04573.jpeg,mask_lobe1_04573.gif
disp_lobe1_04709.jpeg,mask_lobe1_04709.gif
disp_lobe1_04717.jpeg,mask_lobe1_04717.gif
disp_lobe1_04725.jpeg,mask_lobe1_04725.gif
disp_lobe1_04757.jpeg,mask_lobe1_04757.gif
disp_lobe1_04776.jpeg,mask_lobe1_04776.gif
disp_lobe1_04777.jpeg,mask_lobe1_04777.gif
disp_lobe1_04778.jpeg,mask_lobe1_04778.gif
disp_lobe1_04849.jpeg,mask_lobe1_04849.gif
disp_lobe1_04854.jpeg,mask_lobe1_04854.gif
disp_lobe1_04857.jpeg,mask_lobe1_04857.gif
disp_lobe1_04881.jpeg,mask_lobe1_04881.gif
disp_lobe1_04903.jpeg,mask_lobe1_04903.gif
disp_lobe1_04920.jpeg,mask_lobe1_04920.gif
disp_lobe1_04922.jpeg,mask_lobe1_04922.gif
disp_lobe1_04928.jpeg,mask_lobe1_04928.gif
disp_lobe1_04945.jpeg,mask_lobe1_04945.gif
disp_lobe1_05028.jpeg,mask_lobe1_05028.gif
disp_lobe1_05131.jpeg,mask_lobe1_05131.gif
disp_lobe1_05203.jpeg,mask_lobe1_05203.gif
disp_lobe1_05270.jpeg,mask_lobe1_05270.gif
disp_lobe1_05328.jpeg,mask_lobe1_05328.gif
disp_lobe1_05375.jpeg,mask_lobe1_05375.gif
disp_lobe1_05588.jpeg,mask_lobe1_05588.gif
disp_lobe1_05597.jpeg,mask_lobe1_05597.gif
disp_lobe1_05628.jpeg,mask_lobe1_05628.gif
disp_lobe1_05632.jpeg,mask_lobe1_05632.gif
disp_lobe1_05641.jpeg,mask_lobe1_05641.gif
disp_lobe1_05681.jpeg,mask_lobe1_05681.gif
disp_lobe1_05690.jpeg,mask_lobe1_05690.gif
disp_lobe1_05718.jpeg,mask_lobe1_05718.gif
disp_lobe1_05728.jpeg,mask_lobe1_05728.gif
disp_lobe1_05747.jpeg,mask_lobe1_05747.gif
disp_lobe1_05762.jpeg,mask_lobe1_05762.gif
disp_lobe1_05791.jpeg,mask_lobe1_05791.gif
disp_lobe1_05802.jpeg,mask_lobe1_05802.gif
disp_lobe1_05928.jpeg,mask_lobe1_05928.gif
disp_lobe1_06020.jpeg,mask_lobe1_06020.gif
disp_lobe1_06042.jpeg,mask_lobe1_06042.gif
disp_lobe1_06048.jpeg,mask_lobe1_06048.gif
disp_lobe1_06069.jpeg,mask_lobe1_06069.gif
disp_lobe1_06134.jpeg,mask_lobe1_06134.gif
disp_lobe1_06175.jpeg,mask_lobe1_06175.gif
disp_lobe1_06180.jpeg,mask_lobe1_06180.gif
disp_lobe1_06187.jpeg,mask_lobe1_06187.gif
disp_lobe1_06213.jpeg,mask_lobe1_06213.gif
disp_lobe1_06239.jpeg,mask_lobe1_06239.gif
disp_lobe1_06240.jpeg,mask_lobe1_06240.gif
disp_lobe1_06263.jpeg,mask_lobe1_06263.gif
disp_lobe1_06271.jpeg,mask_lobe1_06271.gif
disp_lobe1_06277.jpeg,mask_lobe1_06277.gif
disp_lobe1_06300.jpeg,mask_lobe1_06300.gif
disp_lobe1_06307.jpeg,mask_lobe1_06307.gif
disp_lobe1_06320.jpeg,mask_lobe1_06320.gif
disp_lobe1_06351.jpeg,mask_lobe1_06351.gif
disp_lobe1_06413.jpeg,mask_lobe1_06413.gif
disp_lobe1_06452.jpeg,mask_lobe1_06452.gif
disp_lobe1_06464.jpeg,mask_lobe1_06464.gif
disp_lobe1_06490.jpeg,mask_lobe1_06490.gif
disp_lobe1_06506.jpeg,mask_lobe1_06506.gif
disp_lobe1_06523.jpeg,mask_lobe1_06523.gif
disp_lobe1_06524.jpeg,mask_lobe1_06524.gif
disp_lobe1_06546.jpeg,mask_lobe1_06546.gif
disp_lobe1_06580.jpeg,mask_lobe1_06580.gif
disp_lobe1_06617.jpeg,mask_lobe1_06617.gif
disp_lobe1_06630.jpeg,mask_lobe1_06630.gif
disp_lobe1_06688.jpeg,mask_lobe1_06688.gif
disp_lobe1_06694.jpeg,mask_lobe1_06694.gif
disp_lobe1_06987.jpeg,mask_lobe1_06987.gif
disp_lobe1_07101.jpeg,mask_lobe1_07101.gif
disp_lobe1_07114.jpeg,mask_lobe1_07114.gif
disp_lobe1_07118.jpeg,mask_lobe1_07118.gif
disp_lobe1_07127.jpeg,mask_lobe1_07127.gif
disp_lobe1_07245.jpeg,mask_lobe1_07245.gif
disp_lobe1_07290.jpeg,mask_lobe1_07290.gif
disp_lobe1_07368.jpeg,mask_lobe1_07368.gif
disp_lobe1_07395.jpeg,mask_lobe1_07395.gif
disp_lobe1_07396.jpeg,mask_lobe1_07396.gif
disp_lobe1_07410.jpeg,mask_lobe1_07410.gif
disp_lobe1_07543.jpeg,mask_lobe1_07543.gif
disp_lobe1_07564.jpeg,mask_lobe1_07564.gif
disp_lobe1_07710.jpeg,mask_lobe1_07710.gif
disp_lobe1_07756.jpeg,mask_lobe1_07756.gif
disp_lobe1_07768.jpeg,mask_lobe1_07768.gif
disp_lobe1_07826.jpeg,mask_lobe1_07826.gif
disp_lobe1_07897.jpeg,mask_lobe1_07897.gif
disp_lobe1_08199.jpeg,mask_lobe1_08199.gif
disp_lobe1_08206.jpeg,mask_lobe1_08206.gif
disp_lobe1_08556.jpeg,mask_lobe1_08556.gif
disp_lobe1_08588.jpeg,mask_lobe1_08588.gif
disp_lobe1_08601.jpeg,mask_lobe1_08601.gif
disp_lobe1_08649.jpeg,mask_lobe1_08649.gif
disp_lobe1_08653.jpeg,mask_lobe1_08653.gif
disp_lobe1_08661.jpeg,mask_lobe1_08661.gif
disp_lobe1_08733.jpeg,mask_lobe1_08733.gif
disp_lobe1_08792.jpeg,mask_lobe1_08792.gif
disp_lobe1_08824.jpeg,mask_lobe1_08824.gif
disp_lobe1_08837.jpeg,mask_lobe1_08837.gif
disp_lobe1_08853.jpeg,mask_lobe1_08853.gif
disp_lobe1_08877.jpeg,mask_lobe1_08877.gif
disp_lobe1_08878.jpeg,mask_lobe1_08878.gif
disp_lobe1_08880.jpeg,mask_lobe1_08880.gif
disp_lobe1_08926.jpeg,mask_lobe1_08926.gif
disp_lobe1_08975.jpeg,mask_lobe1_08975.gif
disp_lobe2_00046.jpeg,mask_lobe2_00046.gif
disp_lobe2_00118.jpeg,mask_lobe2_00118.gif
disp_lobe2_00152.jpeg,mask_lobe2_00152.gif
disp_lobe2_00286.jpeg,mask_lobe2_00286.gif
disp_lobe2_00297.jpeg,mask_lobe2_00297.gif
disp_lobe2_00318.jpeg,mask_lobe2_00318.gif
disp_lobe2_00344.jpeg,mask_lobe2_00344.gif
disp_lobe2_00357.jpeg,mask_lobe2_00357.gif
disp_lobe2_00368.jpeg,mask_lobe2_00368.gif
disp_lobe2_00423.jpeg,mask_lobe2_00423.gif
disp_lobe2_00461.jpeg,mask_lobe2_00461.gif
disp_lobe2_00490.jpeg,mask_lobe2_00490.gif
disp_lobe2_00535.jpeg,mask_lobe2_00535.gif
disp_lobe2_00588.jpeg,mask_lobe2_00588.gif
disp_lobe2_00749.jpeg,mask_lobe2_00749.gif
disp_lobe2_00773.jpeg,mask_lobe2_00773.gif
disp_lobe2_00796.jpeg,mask_lobe2_00796.gif
disp_lobe2_00829.jpeg,mask_lobe2_00829.gif
disp_lobe2_00835.jpeg,mask_lobe2_00835.gif
disp_lobe2_00969.jpeg,mask_lobe2_00969.gif
disp_lobe2_01039.jpeg,mask_lobe2_01039.gif
disp_lobe2_01054.jpeg,mask_lobe2_01054.gif
disp_lobe2_01086.jpeg,mask_lobe2_01086.gif
disp_lobe2_01147.jpeg,mask_lobe2_01147.gif
disp_lobe2_01184.jpeg,mask_lobe2_01184.gif
disp_lobe2_01216.jpeg,mask_lobe2_01216.gif
disp_lobe2_01270.jpeg,mask_lobe2_01270.gif
disp_lobe2_01329.jpeg,mask_lobe2_01329.gif
disp_lobe2_01343.jpeg,mask_lobe2_01343.gif
disp_lobe2_01377.jpeg,mask_lobe2_01377.gif
disp_lobe2_01417.jpeg,mask_lobe2_01417.gif
disp_lobe2_01430.jpeg,mask_lobe2_01430.gif
disp_lobe2_01483.jpeg,mask_lobe2_01483.gif
disp_lobe2_01606.jpeg,mask_lobe2_01606.gif
disp_lobe2_01618.jpeg,mask_lobe2_01618.gif
disp_lobe2_01630.jpeg,mask_lobe2_01630.gif
disp_lobe2_01640.jpeg,mask_lobe2_01640.gif
disp_lobe2_01661.jpeg,mask_lobe2_01661.gif
disp_lobe2_01671.jpeg,mask_lobe2_01671.gif
disp_lobe2_01777.jpeg,mask_lobe2_01777.gif
disp_lobe2_01795.jpeg,mask_lobe2_01795.gif
disp_lobe2_01807.jpeg,mask_lobe2_01807.gif
disp_lobe2_01855.jpeg,mask_lobe2_01855.gif
disp_lobe2_01861.jpeg,mask_lobe2_01861.gif
disp_lobe2_01906.jpeg,mask_lobe2_01906.gif
disp_lobe2_01952.jpeg,mask_lobe2_01952.gif
disp_lobe2_02034.jpeg,mask_lobe2_02034.gif
disp_lobe2_02166.jpeg,mask_lobe2_02166.gif
disp_lobe2_02225.jpeg,mask_lobe2_02225.gif
disp_lobe2_02256.jpeg,mask_lobe2_02256.gif
disp_lobe2_02308.jpeg,mask_lobe2_02308.gif
disp_lobe2_02314.jpeg,mask_lobe2_02314.gif
disp_lobe2_02330.jpeg,mask_lobe2_02330.gif
disp_lobe2_02364.jpeg,mask_lobe2_02364.gif
disp_lobe2_02378.jpeg,mask_lobe2_02378.gif
disp_lobe2_02418.jpeg,mask_lobe2_02418.gif
disp_lobe2_02522.jpeg,mask_lobe2_02522.gif
disp_lobe2_02525.jpeg,mask_lobe2_02525.gif
disp_lobe2_02536.jpeg,mask_lobe2_02536.gif
disp_lobe2_02550.jpeg,mask_lobe2_02550.gif
disp_lobe2_02558.jpeg,mask_lobe2_02558.gif
disp_lobe2_02562.jpeg,mask_lobe2_02562.gif
disp_lobe2_02747.jpeg,mask_lobe2_02747.gif
disp_lobe2_02761.jpeg,mask_lobe2_02761.gif
disp_lobe2_02784.jpeg,mask_lobe2_02784.gif
disp_lobe2_02835.jpeg,mask_lobe2_02835.gif
disp_lobe2_02910.jpeg,mask_lobe2_02910.gif
disp_lobe2_02949.jpeg,mask_lobe2_02949.gif
disp_lobe2_03004.jpeg,mask_lobe2_03004.gif
disp_lobe2_03043.jpeg,mask_lobe2_03043.gif
disp_lobe2_03113.jpeg,mask_lobe2_03113.gif
disp_lobe2_03160.jpeg,mask_lobe2_03160.gif
disp_lobe2_03265.jpeg,mask_lobe2_03265.gif
disp_lobe2_03474.jpeg,mask_lobe2_03474.gif
disp_lobe2_03489.jpeg,mask_lobe2_03489.gif
disp_lobe2_03617.jpeg,mask_lobe2_03617.gif
disp_lobe2_03771.jpeg,mask_lobe2_03771.gif
disp_lobe2_03800.jpeg,mask_lobe2_03800.gif
disp_lobe2_03854.jpeg,mask_lobe2_03854.gif
disp_lobe2_03912.jpeg,mask_lobe2_03912.gif
disp_lobe2_03974.jpeg,mask_lobe2_03974.gif
disp_lobe2_04211.jpeg,mask_lobe2_04211.gif
disp_lobe2_04259.jpeg,mask_lobe2_04259.gif
disp_lobe2_04275.jpeg,mask_lobe2_04275.gif
disp_lobe2_04290.jpeg,mask_lobe2_04290.gif
disp_lobe2_04375.jpeg,mask_lobe2_04375.gif
disp_lobe2_04382.jpeg,mask_lobe2_04382.gif
disp_lobe2_04429.jpeg,mask_lobe2_04429.gif
disp_lobe2_04436.jpeg,mask_lobe2_04436.gif
disp_lobe2_04475.jpeg,mask_lobe2_04475.gif
disp_lobe2_04571.jpeg,mask_lobe2_04571.gif
disp_lobe2_04649.jpeg,mask_lobe2_04649.gif
disp_lobe2_04817.jpeg,mask_lobe2_04817.gif
disp_lobe2_04834.jpeg,mask_lobe2_04834.gif
disp_lobe2_04848.jpeg,mask_lobe2_04848.gif
disp_lobe2_04860.jpeg,mask_lobe2_04860.gif
disp_lobe2_04876.jpeg,mask_lobe2_04876.gif
disp_lobe2_05008.jpeg,mask_lobe2_05008.gif
disp_lobe2_05029.jpeg,mask_lobe2_05029.gif
disp_lobe2_05221.jpeg,mask_lobe2_05221.gif
disp_lobe2_05231.jpeg,mask_lobe2_05231.gif
disp_lobe2_05260.jpeg,mask_lobe2_05260.gif
disp_lobe2_05437.jpeg,mask_lobe2_05437.gif
disp_lobe2_05601.jpeg,mask_lobe2_05601.gif
disp_lobe2_05628.jpeg,mask_lobe2_05628.gif
disp_lobe2_05643.jpeg,mask_lobe2_05643.gif
disp_lobe2_05656.jpeg,mask_lobe2_05656.gif
disp_lobe2_05805.jpeg,mask_lobe2_05805.gif
disp_lobe2_05813.jpeg,mask_lobe2_05813.gif
disp_lobe2_05889.jpeg,mask_lobe2_05889.gif
disp_lobe2_05925.jpeg,mask_lobe2_05925.gif
disp_lobe2_05957.jpeg,mask_lobe2_05957.gif
disp_lobe2_06001.jpeg,mask_lobe2_06001.gif
disp_lobe2_06113.jpeg,mask_lobe2_06113.gif
disp_lobe2_06315.jpeg,mask_lobe2_06315.gif
disp_lobe2_06322.jpeg,mask_lobe2_06322.gif
disp_lobe2_06361.jpeg,mask_lobe2_06361.gif
disp_lobe2_06433.jpeg,mask_lobe2_06433.gif
disp_lobe2_06471.jpeg,mask_lobe2_06471.gif
disp_lobe2_06537.jpeg,mask_lobe2_06537.gif
disp_lobe2_06616.jpeg,mask_lobe2_06616.gif
disp_lobe2_06818.jpeg,mask_lobe2_06818.gif
disp_lobe2_06916.jpeg,mask_lobe2_06916.gif
disp_lobe2_06924.jpeg,mask_lobe2_06924.gif
disp_lobe2_06947.jpeg,mask_lobe2_06947.gif
disp_lobe2_06955.jpeg,mask_lobe2_06955.gif
disp_lobe2_07040.jpeg,mask_lobe2_07040.gif
disp_lobe2_07060.jpeg,mask_lobe2_07060.gif
disp_lobe2_07188.jpeg,mask_lobe2_07188.gif
disp_lobe2_07312.jpeg,mask_lobe2_07312.gif
disp_lobe2_07507.jpeg,mask_lobe2_07507.gif
disp_lobe2_07578.jpeg,mask_lobe2_07578.gif
disp_lobe2_07609.jpeg,mask_lobe2_07609.gif
disp_lobe2_07654.jpeg,mask_lobe2_07654.gif
disp_lobe2_07656.jpeg,mask_lobe2_07656.gif
disp_lobe2_07678.jpeg,mask_lobe2_07678.gif
disp_lobe2_07720.jpeg,mask_lobe2_07720.gif
disp_lobe2_07898.jpeg,mask_lobe2_07898.gif
disp_lobe2_07908.jpeg,mask_lobe2_07908.gif
disp_lobe2_07952.jpeg,mask_lobe2_07952.gif
disp_lobe2_08015.jpeg,mask_lobe2_08015.gif
disp_lobe2_08148.jpeg,mask_lobe2_08148.gif
disp_lobe2_08263.jpeg,mask_lobe2_08263.gif
disp_lobe2_08411.jpeg,mask_lobe2_08411.gif
disp_lobe2_08473.jpeg,mask_lobe2_08473.gif
disp_lobe2_08579.jpeg,mask_lobe2_08579.gif
disp_lobe2_08664.jpeg,mask_lobe2_08664.gif
disp_lobe2_08789.jpeg,mask_lobe2_08789.gif
disp_lobe2_08860.jpeg,mask_lobe2_08860.gif
disp_lobe2_08890.jpeg,mask_lobe2_08890.gif
disp_lobe2_08894.jpeg,mask_lobe2_08894.gif
disp_lobe2_09132.jpeg,mask_lobe2_09132.gif
disp_lobe2_09142.jpeg,mask_lobe2_09142.gif
disp_lobe2_09319.jpeg,mask_lobe2_09319.gif
disp_lobe2_09467.jpeg,mask_lobe2_09467.gif
disp_lobe2_09498.jpeg,mask_lobe2_09498.gif
disp_lobe2_09531.jpeg,mask_lobe2_09531.gif
disp_lobe2_09578.jpeg,mask_lobe2_09578.gif
disp_lobe2_09696.jpeg,mask_lobe2_09696.gif
disp_lobe2_09875.jpeg,mask_lobe2_09875.gif
